{
    "106447193_p0_master1200.jpg": {
        "position": {
            "x": -1959.9998976000002,
            "y": 698.7202559999998
        },
        "connections": [
            {
                "from": "106447193_p0_master1200.jpg",
                "to": "bg.png"
            }
        ]
    },
    "bg.png": {
        "position": {
            "x": 139.74405119999994,
            "y": 713.0529791999998
        },
        "connections": []
    }
}